Drug,Dose,Units,Hours,BioRep,TechRep,Target,Count
Force,2.5,kPa,INF,1,1,Gli2,1.168472839
Force,2.5,kPa,INF,1,2,Gli2,1.031943815
Force,2.5,kPa,INF,1,3,Gli2,1.169318705
Force,2.5,kPa,INF,2,1,Gli2,1.778800707
Force,2.5,kPa,INF,2,2,Gli2,1.447104604
Force,2.5,kPa,INF,2,3,Gli2,1.291538109
Force,2.5,kPa,INF,3,1,Gli2,1.356410182
Force,2.5,kPa,INF,3,2,Gli2,1.177885212
Force,2.5,kPa,INF,3,3,Gli2,1.383969906
Force,8,kPa,INF,1,1,Gli2,2.432598971
Force,8,kPa,INF,1,2,Gli2,1.969875656
Force,8,kPa,INF,1,3,Gli2,2.358624498
Force,8,kPa,INF,2,1,Gli2,2.257363856
Force,8,kPa,INF,2,2,Gli2,1.815367054
Force,8,kPa,INF,2,3,Gli2,1.618671566
Force,8,kPa,INF,3,1,Gli2,2.150701397
Force,8,kPa,INF,3,2,Gli2,3.262786614
Force,8,kPa,INF,3,3,Gli2,2.398614891
Force,380,kPa,INF,1,1,Gli2,8.347250819
Force,380,kPa,INF,1,2,Gli2,7.685775255
Force,380,kPa,INF,1,3,Gli2,8.009548748
Force,380,kPa,INF,2,1,Gli2,10.24893108
Force,380,kPa,INF,2,2,Gli2,12.20883117
Force,380,kPa,INF,2,3,Gli2,10.92255768
Force,380,kPa,INF,3,1,Gli2,6.533242073
Force,380,kPa,INF,3,2,Gli2,7.701988837
Force,380,kPa,INF,3,3,Gli2,7.046526001
Force,2.5,kPa,INF,1,1,PTHrP,1.186598151
Force,2.5,kPa,INF,1,2,PTHrP,1.273040473
Force,2.5,kPa,INF,1,3,PTHrP,1.532174625
Force,2.5,kPa,INF,2,1,PTHrP,1.222406561
Force,2.5,kPa,INF,2,2,PTHrP,1.421264064
Force,2.5,kPa,INF,2,3,PTHrP,1.336129927
Force,2.5,kPa,INF,3,1,PTHrP,1.225979159
Force,2.5,kPa,INF,3,2,PTHrP,1.240743278
Force,2.5,kPa,INF,3,3,PTHrP,1.490007509
Force,8,kPa,INF,1,1,PTHrP,1.36444501
Force,8,kPa,INF,1,2,PTHrP,2.115452641
Force,8,kPa,INF,1,3,PTHrP,2.065113517
Force,8,kPa,INF,2,1,PTHrP,1.485869362
Force,8,kPa,INF,2,2,PTHrP,1.292362874
Force,8,kPa,INF,2,3,PTHrP,1.414538594
Force,8,kPa,INF,3,1,PTHrP,2.054150924
Force,8,kPa,INF,3,2,PTHrP,2.052383759
Force,8,kPa,INF,3,3,PTHrP,2.097305929
Force,380,kPa,INF,1,1,PTHrP,5.27216712
Force,380,kPa,INF,1,2,PTHrP,9.96435407
Force,380,kPa,INF,1,3,PTHrP,18.74047071
Force,380,kPa,INF,2,1,PTHrP,4.48778793
Force,380,kPa,INF,2,2,PTHrP,5.39582995
Force,380,kPa,INF,2,3,PTHrP,4.68440143
Force,380,kPa,INF,3,1,PTHrP,4.6625164
Force,380,kPa,INF,3,2,PTHrP,6.2188334
Force,380,kPa,INF,3,3,PTHrP,4.37621568
Force,2.5,kPa,INF,1,1,ITGB3,1.279329392
Force,2.5,kPa,INF,1,2,ITGB3,1.17310899
Force,2.5,kPa,INF,1,3,ITGB3,1.421476429
Force,2.5,kPa,INF,2,1,ITGB3,1.18494396
Force,2.5,kPa,INF,2,2,ITGB3,1.589273424
Force,2.5,kPa,INF,2,3,ITGB3,0.966858894
Force,2.5,kPa,INF,3,1,ITGB3,1.07496674
Force,2.5,kPa,INF,3,2,ITGB3,1.16710119
Force,2.5,kPa,INF,3,3,ITGB3,0.976224195
Force,8,kPa,INF,1,1,ITGB3,1.48159091
Force,8,kPa,INF,1,2,ITGB3,3.20225496
Force,8,kPa,INF,1,3,ITGB3,3.58220161
Force,8,kPa,INF,2,1,ITGB3,2.608214038
Force,8,kPa,INF,2,2,ITGB3,3.20082788
Force,8,kPa,INF,2,3,ITGB3,1.056909739
Force,8,kPa,INF,3,1,ITGB3,2.17289305
Force,8,kPa,INF,3,2,ITGB3,2.75631958
Force,8,kPa,INF,3,3,ITGB3,2.35670243
Force,380,kPa,INF,1,1,ITGB3,10.23972634
Force,380,kPa,INF,1,2,ITGB3,9.2272922
Force,380,kPa,INF,1,3,ITGB3,6.4868994
Force,380,kPa,INF,2,1,ITGB3,6.14547946
Force,380,kPa,INF,2,2,ITGB3,8.56892248
Force,380,kPa,INF,2,3,ITGB3,6.85299751
Force,380,kPa,INF,3,1,ITGB3,6.69476863
Force,380,kPa,INF,3,2,ITGB3,7.12030126
Force,380,kPa,INF,3,3,ITGB3,10.1098747
AVB3InhibitorCilengitide,0,nM,6,1,1,Gli2,0.381770161
AVB3InhibitorCilengitide,0,nM,6,1,2,Gli2,0.233640145
AVB3InhibitorCilengitide,0,nM,6,1,3,Gli2,0.358906402
AVB3InhibitorCilengitide,0,nM,6,2,1,Gli2,0.227135939
AVB3InhibitorCilengitide,0,nM,6,2,2,Gli2,0.395197185
AVB3InhibitorCilengitide,0,nM,6,2,3,Gli2,0.376847813
AVB3InhibitorCilengitide,0,nM,6,3,1,Gli2,0.56597298
AVB3InhibitorCilengitide,0,nM,6,3,2,Gli2,0.53309844
AVB3InhibitorCilengitide,0,nM,6,3,3,Gli2,0.439627587
AVB3InhibitorCilengitide,5,nM,6,1,1,Gli2,0.437874886
AVB3InhibitorCilengitide,5,nM,6,1,2,Gli2,0.258433567
AVB3InhibitorCilengitide,5,nM,6,1,3,Gli2,0.358646477
AVB3InhibitorCilengitide,5,nM,6,2,1,Gli2,0.336022428
AVB3InhibitorCilengitide,5,nM,6,2,2,Gli2,0.332665507
AVB3InhibitorCilengitide,5,nM,6,2,3,Gli2,0.437915783
AVB3InhibitorCilengitide,5,nM,6,3,1,Gli2,0.366338118
AVB3InhibitorCilengitide,5,nM,6,3,2,Gli2,0.194370295
AVB3InhibitorCilengitide,5,nM,6,3,3,Gli2,0.255616361
AVB3InhibitorCilengitide,10,nM,6,1,3,Gli2,0.270664539
AVB3InhibitorCilengitide,10,nM,6,2,1,Gli2,0.448950895
AVB3InhibitorCilengitide,10,nM,6,2,2,Gli2,0.389733674
AVB3InhibitorCilengitide,10,nM,6,2,3,Gli2,0.305797042
AVB3InhibitorCilengitide,10,nM,6,3,1,Gli2,0.384386728
AVB3InhibitorCilengitide,10,nM,6,3,2,Gli2,0.139563381
AVB3InhibitorCilengitide,10,nM,6,3,3,Gli2,0.175361851
AVB3InhibitorCilengitide,20,nM,6,1,1,Gli2,0.218990213
AVB3InhibitorCilengitide,20,nM,6,1,2,Gli2,0.401045855
AVB3InhibitorCilengitide,20,nM,6,1,3,Gli2,0.202720426
AVB3InhibitorCilengitide,20,nM,6,2,1,Gli2,0.132483549
AVB3InhibitorCilengitide,20,nM,6,2,2,Gli2,0.133714446
AVB3InhibitorCilengitide,20,nM,6,2,3,Gli2,0.198774533
AVB3InhibitorCilengitide,20,nM,6,3,1,Gli2,0.1622841
AVB3InhibitorCilengitide,20,nM,6,3,2,Gli2,0.04022069
AVB3InhibitorCilengitide,20,nM,6,3,3,Gli2,0.148891595
AVB3InhibitorCilengitide,0,nM,12,1,1,Gli2,0.78821562
AVB3InhibitorCilengitide,0,nM,12,1,2,Gli2,0.689518728
AVB3InhibitorCilengitide,0,nM,12,1,3,Gli2,0.817948974
AVB3InhibitorCilengitide,0,nM,12,2,1,Gli2,1.086145915
AVB3InhibitorCilengitide,0,nM,12,2,2,Gli2,1.9896849
AVB3InhibitorCilengitide,0,nM,12,2,3,Gli2,0.207014555
AVB3InhibitorCilengitide,0,nM,12,3,1,Gli2,0.423288391
AVB3InhibitorCilengitide,0,nM,12,3,2,Gli2,0.3749263
AVB3InhibitorCilengitide,0,nM,12,3,3,Gli2,0.581386175
AVB3InhibitorCilengitide,5,nM,12,1,1,Gli2,0.440842699
AVB3InhibitorCilengitide,5,nM,12,1,2,Gli2,0.218880078
AVB3InhibitorCilengitide,5,nM,12,1,3,Gli2,0.283158553
AVB3InhibitorCilengitide,5,nM,12,2,1,Gli2,0.54143237
AVB3InhibitorCilengitide,5,nM,12,2,2,Gli2,0.479161555
AVB3InhibitorCilengitide,5,nM,12,2,3,Gli2,0.668654436
AVB3InhibitorCilengitide,5,nM,12,3,1,Gli2,0.698284239
AVB3InhibitorCilengitide,5,nM,12,3,2,Gli2,0.395876227
AVB3InhibitorCilengitide,5,nM,12,3,3,Gli2,0.462568542
AVB3InhibitorCilengitide,10,nM,12,1,1,Gli2,0.257465987
AVB3InhibitorCilengitide,10,nM,12,1,2,Gli2,0.290026328
AVB3InhibitorCilengitide,10,nM,12,1,3,Gli2,0.255792633
AVB3InhibitorCilengitide,10,nM,12,2,1,Gli2,0.57765674
AVB3InhibitorCilengitide,10,nM,12,2,2,Gli2,0.287224227
AVB3InhibitorCilengitide,10,nM,12,2,3,Gli2,0.397855834
AVB3InhibitorCilengitide,10,nM,12,3,1,Gli2,0.343531413
AVB3InhibitorCilengitide,10,nM,12,3,2,Gli2,0.341251836
AVB3InhibitorCilengitide,10,nM,12,3,3,Gli2,0.353990561
AVB3InhibitorCilengitide,20,nM,12,1,1,Gli2,0.469634223
AVB3InhibitorCilengitide,20,nM,12,1,2,Gli2,0.38374532
AVB3InhibitorCilengitide,20,nM,12,1,3,Gli2,0.135142397
AVB3InhibitorCilengitide,20,nM,12,2,1,Gli2,0.616921196
AVB3InhibitorCilengitide,20,nM,12,2,2,Gli2,0.469573739
AVB3InhibitorCilengitide,20,nM,12,2,3,Gli2,0.649228965
AVB3InhibitorCilengitide,20,nM,12,3,1,Gli2,0.332032669
AVB3InhibitorCilengitide,20,nM,12,3,2,Gli2,0.124000478
AVB3InhibitorCilengitide,20,nM,12,3,3,Gli2,0.230373286
AVB3InhibitorCilengitide,0,nM,24,1,1,Gli2,0.383893179
AVB3InhibitorCilengitide,0,nM,24,1,2,Gli2,0.337436556
AVB3InhibitorCilengitide,0,nM,24,1,3,Gli2,0.431531379
AVB3InhibitorCilengitide,0,nM,24,2,1,Gli2,0.316696562
AVB3InhibitorCilengitide,0,nM,24,2,2,Gli2,0.271808784
AVB3InhibitorCilengitide,0,nM,24,2,3,Gli2,0.537261871
AVB3InhibitorCilengitide,0,nM,24,3,1,Gli2,0.678891885
AVB3InhibitorCilengitide,0,nM,24,3,2,Gli2,0.681935486
AVB3InhibitorCilengitide,0,nM,24,3,3,Gli2,0.631302461
AVB3InhibitorCilengitide,5,nM,24,1,1,Gli2,0.365888138
AVB3InhibitorCilengitide,5,nM,24,1,2,Gli2,0.321610385
AVB3InhibitorCilengitide,5,nM,24,1,3,Gli2,0.41129205
AVB3InhibitorCilengitide,5,nM,24,2,1,Gli2,0.256863721
AVB3InhibitorCilengitide,5,nM,24,2,2,Gli2,0.2204565
AVB3InhibitorCilengitide,5,nM,24,2,3,Gli2,0.435758073
AVB3InhibitorCilengitide,5,nM,24,3,1,Gli2,0.647051058
AVB3InhibitorCilengitide,5,nM,24,3,2,Gli2,0.64995191
AVB3InhibitorCilengitide,5,nM,24,3,3,Gli2,0.601693634
AVB3InhibitorCilengitide,10,nM,24,1,1,Gli2,0.390301824
AVB3InhibitorCilengitide,10,nM,24,1,2,Gli2,0.387461972
AVB3InhibitorCilengitide,10,nM,24,1,3,Gli2,0.444418356
AVB3InhibitorCilengitide,10,nM,24,2,1,Gli2,0.365677177
AVB3InhibitorCilengitide,10,nM,24,2,2,Gli2,0.401051786
AVB3InhibitorCilengitide,10,nM,24,2,3,Gli2,0.607610248
AVB3InhibitorCilengitide,10,nM,24,3,1,Gli2,0.18028288
AVB3InhibitorCilengitide,10,nM,24,3,2,Gli2,0.090083753
AVB3InhibitorCilengitide,10,nM,24,3,3,Gli2,0.165431915
AVB3InhibitorCilengitide,20,nM,24,1,1,Gli2,0.296856005
AVB3InhibitorCilengitide,20,nM,24,1,2,Gli2,0.300390505
AVB3InhibitorCilengitide,20,nM,24,1,3,Gli2,0.256353561
AVB3InhibitorCilengitide,20,nM,24,2,1,Gli2,0.409400456
AVB3InhibitorCilengitide,20,nM,24,2,2,Gli2,0.174173362
AVB3InhibitorCilengitide,20,nM,24,2,3,Gli2,0.289297321
AVB3InhibitorCilengitide,20,nM,24,3,1,Gli2,0.374993793
AVB3InhibitorCilengitide,20,nM,24,3,2,Gli2,0.424120213
AVB3InhibitorCilengitide,20,nM,24,3,3,Gli2,0.242406883
AVB3InhibitorCilengitide,0,nM,48,1,1,Gli2,0.628485335
AVB3InhibitorCilengitide,0,nM,48,1,2,Gli2,0.722060041
AVB3InhibitorCilengitide,0,nM,48,1,3,Gli2,0.654268327
AVB3InhibitorCilengitide,0,nM,48,2,1,Gli2,0.253498825
AVB3InhibitorCilengitide,0,nM,48,2,2,Gli2,0.162753546
AVB3InhibitorCilengitide,0,nM,48,2,3,Gli2,0.739761889
AVB3InhibitorCilengitide,0,nM,48,3,1,Gli2,0.514065826
AVB3InhibitorCilengitide,0,nM,48,3,2,Gli2,0.316822757
AVB3InhibitorCilengitide,0,nM,48,3,3,Gli2,0.499487814
AVB3InhibitorCilengitide,5,nM,48,1,1,Gli2,0.327315016
AVB3InhibitorCilengitide,5,nM,48,1,2,Gli2,0.382976403
AVB3InhibitorCilengitide,5,nM,48,1,3,Gli2,0.502838643
AVB3InhibitorCilengitide,5,nM,48,2,1,Gli2,0.767703945
AVB3InhibitorCilengitide,5,nM,48,2,2,Gli2,0.861397405
AVB3InhibitorCilengitide,5,nM,48,2,3,Gli2,0.946386022
AVB3InhibitorCilengitide,5,nM,48,3,1,Gli2,0.172034408
AVB3InhibitorCilengitide,5,nM,48,3,2,Gli2,0.151921881
AVB3InhibitorCilengitide,5,nM,48,3,3,Gli2,0.202306231
AVB3InhibitorCilengitide,10,nM,48,1,1,Gli2,0.591292958
AVB3InhibitorCilengitide,10,nM,48,1,2,Gli2,0.441323122
AVB3InhibitorCilengitide,10,nM,48,1,3,Gli2,0.389357705
AVB3InhibitorCilengitide,10,nM,48,2,1,Gli2,0.470657838
AVB3InhibitorCilengitide,10,nM,48,2,2,Gli2,0.377265323
AVB3InhibitorCilengitide,10,nM,48,2,3,Gli2,0.477874288
AVB3InhibitorCilengitide,10,nM,48,3,1,Gli2,0.405063887
AVB3InhibitorCilengitide,10,nM,48,3,2,Gli2,0.46293606
AVB3InhibitorCilengitide,10,nM,48,3,3,Gli2,0.51096688
AVB3InhibitorCilengitide,20,nM,48,1,1,Gli2,0.514598192
AVB3InhibitorCilengitide,20,nM,48,2,1,Gli2,0.449205893
AVB3InhibitorCilengitide,20,nM,48,2,2,Gli2,0.498771232
AVB3InhibitorCilengitide,20,nM,48,2,3,Gli2,0.475662599
AVB3InhibitorCilengitide,20,nM,48,3,1,Gli2,0.189991493
AVB3InhibitorCilengitide,20,nM,48,3,2,Gli2,0.513504314
AVB3InhibitorCilengitide,20,nM,48,3,3,Gli2,0.314221871
AVB3InhibitorCilengitide,0,nM,6,1,1,PTHrP,0.633194663
AVB3InhibitorCilengitide,0,nM,6,1,2,PTHrP,0.453838124
AVB3InhibitorCilengitide,0,nM,6,1,3,PTHrP,0.394021755
AVB3InhibitorCilengitide,0,nM,6,2,1,PTHrP,0.569467903
AVB3InhibitorCilengitide,0,nM,6,2,2,PTHrP,0.760849996
AVB3InhibitorCilengitide,0,nM,6,2,3,PTHrP,0.616608676
AVB3InhibitorCilengitide,0,nM,6,3,1,PTHrP,0.476200547
AVB3InhibitorCilengitide,0,nM,6,3,2,PTHrP,0.55714892
AVB3InhibitorCilengitide,0,nM,6,3,3,PTHrP,0.811867097
AVB3InhibitorCilengitide,5,nM,6,1,1,PTHrP,0.340924498
AVB3InhibitorCilengitide,5,nM,6,1,2,PTHrP,0.367381181
AVB3InhibitorCilengitide,5,nM,6,1,3,PTHrP,0.319329599
AVB3InhibitorCilengitide,5,nM,6,2,1,PTHrP,0.713913112
AVB3InhibitorCilengitide,5,nM,6,2,2,PTHrP,0.570867671
AVB3InhibitorCilengitide,5,nM,6,2,3,PTHrP,0.541012159
AVB3InhibitorCilengitide,5,nM,6,3,1,PTHrP,0.313496029
AVB3InhibitorCilengitide,5,nM,6,3,2,PTHrP,0.253341686
AVB3InhibitorCilengitide,5,nM,6,3,3,PTHrP,0.226936094
AVB3InhibitorCilengitide,10,nM,6,1,3,PTHrP,0.226267377
AVB3InhibitorCilengitide,10,nM,6,2,1,PTHrP,0.364183742
AVB3InhibitorCilengitide,10,nM,6,2,2,PTHrP,0.501108764
AVB3InhibitorCilengitide,10,nM,6,2,3,PTHrP,0.398902282
AVB3InhibitorCilengitide,10,nM,6,3,1,PTHrP,0.481568552
AVB3InhibitorCilengitide,10,nM,6,3,2,PTHrP,0.37723204
AVB3InhibitorCilengitide,10,nM,6,3,3,PTHrP,0.382600201
AVB3InhibitorCilengitide,20,nM,6,1,1,PTHrP,0.321990787
AVB3InhibitorCilengitide,20,nM,6,1,2,PTHrP,0.353577522
AVB3InhibitorCilengitide,20,nM,6,1,3,PTHrP,0.271701679
AVB3InhibitorCilengitide,20,nM,6,2,1,PTHrP,0.326516413
AVB3InhibitorCilengitide,20,nM,6,2,2,PTHrP,0.449464513
AVB3InhibitorCilengitide,20,nM,6,2,3,PTHrP,0.344330065
AVB3InhibitorCilengitide,20,nM,6,3,1,PTHrP,0.520697018
AVB3InhibitorCilengitide,20,nM,6,3,2,PTHrP,0.311470477
AVB3InhibitorCilengitide,20,nM,6,3,3,PTHrP,0.509101543
AVB3InhibitorCilengitide,0,nM,12,1,1,PTHrP,0.583406008
AVB3InhibitorCilengitide,0,nM,12,1,2,PTHrP,0.288096827
AVB3InhibitorCilengitide,0,nM,12,1,3,PTHrP,0.359098784
AVB3InhibitorCilengitide,0,nM,12,2,1,PTHrP,0.613471941
AVB3InhibitorCilengitide,0,nM,12,2,2,PTHrP,0.73685394
AVB3InhibitorCilengitide,0,nM,12,2,3,PTHrP,0.500351701
AVB3InhibitorCilengitide,0,nM,12,3,1,PTHrP,0.665362481
AVB3InhibitorCilengitide,0,nM,12,3,2,PTHrP,0.546134513
AVB3InhibitorCilengitide,0,nM,12,3,3,PTHrP,0.460698876
AVB3InhibitorCilengitide,5,nM,12,1,1,PTHrP,0.536555082
AVB3InhibitorCilengitide,5,nM,12,1,2,PTHrP,0.498689165
AVB3InhibitorCilengitide,5,nM,12,1,3,PTHrP,0.258919474
AVB3InhibitorCilengitide,5,nM,12,3,1,PTHrP,0.40403724
AVB3InhibitorCilengitide,5,nM,12,3,2,PTHrP,0.433871864
AVB3InhibitorCilengitide,5,nM,12,3,3,PTHrP,0.26398048
AVB3InhibitorCilengitide,10,nM,12,1,1,PTHrP,0.413120584
AVB3InhibitorCilengitide,10,nM,12,1,2,PTHrP,0.333783279
AVB3InhibitorCilengitide,10,nM,12,1,3,PTHrP,0.374250915
AVB3InhibitorCilengitide,10,nM,12,2,1,PTHrP,0.318106822
AVB3InhibitorCilengitide,10,nM,12,2,2,PTHrP,0.393334624
AVB3InhibitorCilengitide,10,nM,12,2,3,PTHrP,0.386151619
AVB3InhibitorCilengitide,10,nM,12,3,1,PTHrP,0.183617527
AVB3InhibitorCilengitide,10,nM,12,3,2,PTHrP,0.190428159
AVB3InhibitorCilengitide,10,nM,12,3,3,PTHrP,0.126475946
AVB3InhibitorCilengitide,20,nM,12,1,1,PTHrP,0.328207969
AVB3InhibitorCilengitide,20,nM,12,1,2,PTHrP,0.223257326
AVB3InhibitorCilengitide,20,nM,12,1,3,PTHrP,0.230110744
AVB3InhibitorCilengitide,20,nM,12,2,1,PTHrP,0.177921877
AVB3InhibitorCilengitide,20,nM,12,2,2,PTHrP,0.234206649
AVB3InhibitorCilengitide,20,nM,12,2,3,PTHrP,0.161235482
AVB3InhibitorCilengitide,20,nM,12,3,1,PTHrP,0.202066292
AVB3InhibitorCilengitide,20,nM,12,3,2,PTHrP,0.25413867
AVB3InhibitorCilengitide,20,nM,12,3,3,PTHrP,0.281426461
AVB3InhibitorCilengitide,0,nM,24,1,1,PTHrP,0.815941709
AVB3InhibitorCilengitide,0,nM,24,1,2,PTHrP,0.555978208
AVB3InhibitorCilengitide,0,nM,24,1,3,PTHrP,0.901204601
AVB3InhibitorCilengitide,0,nM,24,2,1,PTHrP,0.538784795
AVB3InhibitorCilengitide,0,nM,24,2,2,PTHrP,0.510959138
AVB3InhibitorCilengitide,0,nM,24,2,3,PTHrP,0.451875772
AVB3InhibitorCilengitide,0,nM,24,3,1,PTHrP,0.6166919
AVB3InhibitorCilengitide,0,nM,24,3,2,PTHrP,0.98092687
AVB3InhibitorCilengitide,0,nM,24,3,3,PTHrP,0.510905107
AVB3InhibitorCilengitide,5,nM,24,2,1,PTHrP,0.341790224
AVB3InhibitorCilengitide,5,nM,24,2,2,PTHrP,0.251348301
AVB3InhibitorCilengitide,5,nM,24,2,3,PTHrP,0.224336349
AVB3InhibitorCilengitide,5,nM,24,3,1,PTHrP,0.409551456
AVB3InhibitorCilengitide,5,nM,24,3,2,PTHrP,0.364714015
AVB3InhibitorCilengitide,5,nM,24,3,3,PTHrP,0.407920991
AVB3InhibitorCilengitide,10,nM,24,1,1,PTHrP,0.156883384
AVB3InhibitorCilengitide,10,nM,24,1,2,PTHrP,0.209776699
AVB3InhibitorCilengitide,10,nM,24,1,3,PTHrP,0.229504387
AVB3InhibitorCilengitide,10,nM,24,2,1,PTHrP,0.417721821
AVB3InhibitorCilengitide,10,nM,24,2,2,PTHrP,0.27386075
AVB3InhibitorCilengitide,10,nM,24,2,3,PTHrP,0.208010808
AVB3InhibitorCilengitide,20,nM,24,1,1,PTHrP,0.245942766
AVB3InhibitorCilengitide,20,nM,24,1,2,PTHrP,0.252440787
AVB3InhibitorCilengitide,20,nM,24,1,3,PTHrP,0.235949567
AVB3InhibitorCilengitide,20,nM,24,2,1,PTHrP,0.257720432
AVB3InhibitorCilengitide,20,nM,24,2,2,PTHrP,0.305962191
AVB3InhibitorCilengitide,20,nM,24,2,3,PTHrP,0.279025332
AVB3InhibitorCilengitide,20,nM,24,3,1,PTHrP,0.145700447
AVB3InhibitorCilengitide,20,nM,24,3,2,PTHrP,0.107073828
AVB3InhibitorCilengitide,20,nM,24,3,3,PTHrP,0.113165245
AVB3InhibitorCilengitide,0,nM,48,1,1,PTHrP,0.476046401
AVB3InhibitorCilengitide,0,nM,48,1,2,PTHrP,0.453244768
AVB3InhibitorCilengitide,0,nM,48,1,3,PTHrP,0.500206088
AVB3InhibitorCilengitide,0,nM,48,2,1,PTHrP,0.579501929
AVB3InhibitorCilengitide,0,nM,48,2,2,PTHrP,0.427000119
AVB3InhibitorCilengitide,0,nM,48,2,3,PTHrP,0.484493959
AVB3InhibitorCilengitide,0,nM,48,3,1,PTHrP,0.528957219
AVB3InhibitorCilengitide,0,nM,48,3,2,PTHrP,0.468022198
AVB3InhibitorCilengitide,0,nM,48,3,3,PTHrP,0.480356647
AVB3InhibitorCilengitide,5,nM,48,1,1,PTHrP,0.279366154
AVB3InhibitorCilengitide,5,nM,48,1,2,PTHrP,0.219849632
AVB3InhibitorCilengitide,5,nM,48,1,3,PTHrP,0.214126249
AVB3InhibitorCilengitide,5,nM,48,2,1,PTHrP,0.282941357
AVB3InhibitorCilengitide,5,nM,48,2,2,PTHrP,0.22169603
AVB3InhibitorCilengitide,5,nM,48,2,3,PTHrP,0.155641908
AVB3InhibitorCilengitide,5,nM,48,3,1,PTHrP,0.413835007
AVB3InhibitorCilengitide,5,nM,48,3,2,PTHrP,0.420449782
AVB3InhibitorCilengitide,5,nM,48,3,3,PTHrP,0.336650098
AVB3InhibitorCilengitide,10,nM,48,1,1,PTHrP,0.377367078
AVB3InhibitorCilengitide,10,nM,48,1,2,PTHrP,0.244688676
AVB3InhibitorCilengitide,10,nM,48,1,3,PTHrP,0.347641051
AVB3InhibitorCilengitide,10,nM,48,2,1,PTHrP,0.259687065
AVB3InhibitorCilengitide,10,nM,48,2,2,PTHrP,0.191904611
AVB3InhibitorCilengitide,10,nM,48,2,3,PTHrP,0.174904941
AVB3InhibitorCilengitide,10,nM,48,3,1,PTHrP,0.408581678
AVB3InhibitorCilengitide,10,nM,48,3,2,PTHrP,0.266752801
AVB3InhibitorCilengitide,10,nM,48,3,3,PTHrP,0.286765637
AVB3InhibitorCilengitide,20,nM,48,1,1,PTHrP,0.133889674
AVB3InhibitorCilengitide,20,nM,48,1,2,PTHrP,0.10863933
AVB3InhibitorCilengitide,20,nM,48,1,3,PTHrP,0.133339033
AVB3InhibitorCilengitide,20,nM,48,2,1,PTHrP,0.321766228
AVB3InhibitorCilengitide,20,nM,48,2,2,PTHrP,0.329354452
AVB3InhibitorCilengitide,20,nM,48,2,3,PTHrP,0.267464062
AVB3InhibitorCilengitide,20,nM,48,3,1,PTHrP,0.156093565
AVB3InhibitorCilengitide,20,nM,48,3,2,PTHrP,0.219550589
AVB3InhibitorCilengitide,20,nM,48,3,3,PTHrP,0.206555073
AVB3InhibitorCilengitide,0,nM,6,1,1,ITGB3,0.590592174
AVB3InhibitorCilengitide,0,nM,6,1,2,ITGB3,0.799039798
AVB3InhibitorCilengitide,0,nM,6,1,3,ITGB3,0.807224436
AVB3InhibitorCilengitide,0,nM,6,2,1,ITGB3,0.40947732
AVB3InhibitorCilengitide,0,nM,6,2,2,ITGB3,0.890610858
AVB3InhibitorCilengitide,0,nM,6,2,3,ITGB3,0.549055342
AVB3InhibitorCilengitide,0,nM,6,3,1,ITGB3,1.050091325
AVB3InhibitorCilengitide,0,nM,6,3,2,ITGB3,1.043598602
AVB3InhibitorCilengitide,0,nM,6,3,3,ITGB3,0.570418969
AVB3InhibitorCilengitide,5,nM,6,1,1,ITGB3,0.295944273
AVB3InhibitorCilengitide,5,nM,6,1,2,ITGB3,0.371901433
AVB3InhibitorCilengitide,5,nM,6,1,3,ITGB3,0.338528987
AVB3InhibitorCilengitide,5,nM,6,2,1,ITGB3,0.460018706
AVB3InhibitorCilengitide,5,nM,6,2,2,ITGB3,0.721437036
AVB3InhibitorCilengitide,5,nM,6,2,3,ITGB3,0.417530524
AVB3InhibitorCilengitide,5,nM,6,3,1,ITGB3,0.272637117
AVB3InhibitorCilengitide,5,nM,6,3,2,ITGB3,0.256635332
AVB3InhibitorCilengitide,5,nM,6,3,3,ITGB3,0.273679361
AVB3InhibitorCilengitide,10,nM,6,1,1,ITGB3,0.389388922
AVB3InhibitorCilengitide,10,nM,6,1,2,ITGB3,0.355674097
AVB3InhibitorCilengitide,10,nM,6,1,3,ITGB3,0.510151919
AVB3InhibitorCilengitide,10,nM,6,2,1,ITGB3,0.373407448
AVB3InhibitorCilengitide,10,nM,6,2,2,ITGB3,0.287130121
AVB3InhibitorCilengitide,10,nM,6,2,3,ITGB3,0.434157923
AVB3InhibitorCilengitide,10,nM,6,3,1,ITGB3,0.115741449
AVB3InhibitorCilengitide,10,nM,6,3,2,ITGB3,0.498697062
AVB3InhibitorCilengitide,10,nM,6,3,3,ITGB3,0.165862655
AVB3InhibitorCilengitide,20,nM,6,1,1,ITGB3,0.336967838
AVB3InhibitorCilengitide,20,nM,6,1,3,ITGB3,0.59761277
AVB3InhibitorCilengitide,20,nM,6,2,1,ITGB3,0.473292954
AVB3InhibitorCilengitide,20,nM,6,2,2,ITGB3,0.590356095
AVB3InhibitorCilengitide,20,nM,6,3,1,ITGB3,0.516172639
AVB3InhibitorCilengitide,20,nM,6,3,2,ITGB3,0.364679382
AVB3InhibitorCilengitide,20,nM,6,3,3,ITGB3,0.395937247
AVB3InhibitorCilengitide,0,nM,12,1,1,ITGB3,0.575476285
AVB3InhibitorCilengitide,0,nM,12,1,2,ITGB3,0.306335168
AVB3InhibitorCilengitide,0,nM,12,1,3,ITGB3,0.288819098
AVB3InhibitorCilengitide,0,nM,12,2,1,ITGB3,0.741381248
AVB3InhibitorCilengitide,0,nM,12,2,2,ITGB3,1.307713118
AVB3InhibitorCilengitide,0,nM,12,2,3,ITGB3,0.723150108
AVB3InhibitorCilengitide,0,nM,12,3,1,ITGB3,0.544884906
AVB3InhibitorCilengitide,0,nM,12,3,2,ITGB3,0.703809832
AVB3InhibitorCilengitide,0,nM,12,3,3,ITGB3,1.253186124
AVB3InhibitorCilengitide,5,nM,12,1,1,ITGB3,0.816067222
AVB3InhibitorCilengitide,5,nM,12,1,3,ITGB3,0.638037819
AVB3InhibitorCilengitide,5,nM,12,2,1,ITGB3,0.372765964
AVB3InhibitorCilengitide,5,nM,12,2,2,ITGB3,0.431279979
AVB3InhibitorCilengitide,5,nM,12,2,3,ITGB3,0.341531824
AVB3InhibitorCilengitide,5,nM,12,3,1,ITGB3,0.278635697
AVB3InhibitorCilengitide,5,nM,12,3,2,ITGB3,0.817709022
AVB3InhibitorCilengitide,5,nM,12,3,3,ITGB3,0.385477512
AVB3InhibitorCilengitide,10,nM,12,1,1,ITGB3,0.447165644
AVB3InhibitorCilengitide,10,nM,12,1,2,ITGB3,0.743147604
AVB3InhibitorCilengitide,10,nM,12,1,3,ITGB3,0.212657172
AVB3InhibitorCilengitide,10,nM,12,2,2,ITGB3,0.247809653
AVB3InhibitorCilengitide,10,nM,12,2,3,ITGB3,0.173381259
AVB3InhibitorCilengitide,10,nM,12,3,1,ITGB3,0.50834642
AVB3InhibitorCilengitide,10,nM,12,3,2,ITGB3,0.170141196
AVB3InhibitorCilengitide,10,nM,12,3,3,ITGB3,0.331764386
AVB3InhibitorCilengitide,20,nM,12,1,1,ITGB3,0.769128318
AVB3InhibitorCilengitide,20,nM,12,2,1,ITGB3,0.133866288
AVB3InhibitorCilengitide,20,nM,12,2,2,ITGB3,0.192362929
AVB3InhibitorCilengitide,20,nM,12,2,3,ITGB3,0.114875844
AVB3InhibitorCilengitide,20,nM,12,3,1,ITGB3,0.654766096
AVB3InhibitorCilengitide,20,nM,12,3,2,ITGB3,0.565181327
AVB3InhibitorCilengitide,20,nM,12,3,3,ITGB3,0.875438392
AVB3InhibitorCilengitide,0,nM,24,1,1,ITGB3,2.153617627
AVB3InhibitorCilengitide,0,nM,24,1,2,ITGB3,1.847348338
AVB3InhibitorCilengitide,0,nM,24,1,3,ITGB3,3.246821812
AVB3InhibitorCilengitide,0,nM,24,2,1,ITGB3,0.704086929
AVB3InhibitorCilengitide,0,nM,24,2,2,ITGB3,0.783177425
AVB3InhibitorCilengitide,0,nM,24,2,3,ITGB3,1.065740531
AVB3InhibitorCilengitide,0,nM,24,3,1,ITGB3,2.115195025
AVB3InhibitorCilengitide,0,nM,24,3,2,ITGB3,1.294728737
AVB3InhibitorCilengitide,0,nM,24,3,3,ITGB3,2.026539052
AVB3InhibitorCilengitide,5,nM,24,1,1,ITGB3,1.058846083
AVB3InhibitorCilengitide,5,nM,24,1,2,ITGB3,1.178955011
AVB3InhibitorCilengitide,5,nM,24,1,3,ITGB3,0.997851798
AVB3InhibitorCilengitide,5,nM,24,2,1,ITGB3,0.422962775
AVB3InhibitorCilengitide,5,nM,24,2,2,ITGB3,0.471423053
AVB3InhibitorCilengitide,5,nM,24,2,3,ITGB3,0.561625197
AVB3InhibitorCilengitide,5,nM,24,3,1,ITGB3,0.812759396
AVB3InhibitorCilengitide,5,nM,24,3,2,ITGB3,1.022899192
AVB3InhibitorCilengitide,5,nM,24,3,3,ITGB3,1.021740039
AVB3InhibitorCilengitide,10,nM,24,1,1,ITGB3,0.663070294
AVB3InhibitorCilengitide,10,nM,24,1,2,ITGB3,0.678551221
AVB3InhibitorCilengitide,10,nM,24,1,3,ITGB3,0.622947619
AVB3InhibitorCilengitide,10,nM,24,2,1,ITGB3,0.262451842
AVB3InhibitorCilengitide,10,nM,24,2,2,ITGB3,0.436851018
AVB3InhibitorCilengitide,10,nM,24,2,3,ITGB3,0.365608176
AVB3InhibitorCilengitide,10,nM,24,3,1,ITGB3,0.690398708
AVB3InhibitorCilengitide,10,nM,24,3,2,ITGB3,0.615534114
AVB3InhibitorCilengitide,10,nM,24,3,3,ITGB3,0.607955167
AVB3InhibitorCilengitide,20,nM,24,1,1,ITGB3,0.314490023
AVB3InhibitorCilengitide,20,nM,24,1,2,ITGB3,0.388118488
AVB3InhibitorCilengitide,20,nM,24,1,3,ITGB3,0.365319775
AVB3InhibitorCilengitide,20,nM,24,2,1,ITGB3,0.354170773
AVB3InhibitorCilengitide,20,nM,24,2,2,ITGB3,0.452012512
AVB3InhibitorCilengitide,20,nM,24,2,3,ITGB3,0.442661414
AVB3InhibitorCilengitide,20,nM,24,3,1,ITGB3,0.331831636
AVB3InhibitorCilengitide,20,nM,24,3,2,ITGB3,0.224953758
AVB3InhibitorCilengitide,20,nM,24,3,3,ITGB3,0.343901248
AVB3InhibitorCilengitide,0,nM,48,1,1,ITGB3,4.737885447
AVB3InhibitorCilengitide,0,nM,48,1,2,ITGB3,5.547216934
AVB3InhibitorCilengitide,0,nM,48,1,3,ITGB3,4.974423295
AVB3InhibitorCilengitide,0,nM,48,2,1,ITGB3,3.563406671
AVB3InhibitorCilengitide,0,nM,48,2,2,ITGB3,3.288372293
AVB3InhibitorCilengitide,0,nM,48,2,3,ITGB3,3.689972638
AVB3InhibitorCilengitide,0,nM,48,3,1,ITGB3,4.922496074
AVB3InhibitorCilengitide,0,nM,48,3,2,ITGB3,4.218550129
AVB3InhibitorCilengitide,0,nM,48,3,3,ITGB3,4.871192298
AVB3InhibitorCilengitide,5,nM,48,1,1,ITGB3,2.944565121
AVB3InhibitorCilengitide,5,nM,48,1,2,ITGB3,3.250092249
AVB3InhibitorCilengitide,5,nM,48,1,3,ITGB3,3.04982543
AVB3InhibitorCilengitide,5,nM,48,2,1,ITGB3,3.953759389
AVB3InhibitorCilengitide,5,nM,48,2,2,ITGB3,3.534522712
AVB3InhibitorCilengitide,5,nM,48,2,3,ITGB3,3.331982825
AVB3InhibitorCilengitide,5,nM,48,3,1,ITGB3,2.169799205
AVB3InhibitorCilengitide,5,nM,48,3,2,ITGB3,2.440299192
AVB3InhibitorCilengitide,5,nM,48,3,3,ITGB3,2.277526298
AVB3InhibitorCilengitide,10,nM,48,1,1,ITGB3,1.725170058
AVB3InhibitorCilengitide,10,nM,48,1,2,ITGB3,1.442967478
AVB3InhibitorCilengitide,10,nM,48,1,3,ITGB3,2.203766262
AVB3InhibitorCilengitide,10,nM,48,2,1,ITGB3,4.557348735
AVB3InhibitorCilengitide,10,nM,48,2,2,ITGB3,5.402264706
AVB3InhibitorCilengitide,10,nM,48,2,3,ITGB3,5.228223833
AVB3InhibitorCilengitide,10,nM,48,3,1,ITGB3,0.302910118
AVB3InhibitorCilengitide,10,nM,48,3,2,ITGB3,0.33667235
AVB3InhibitorCilengitide,10,nM,48,3,3,ITGB3,0.3025442
AVB3InhibitorCilengitide,20,nM,48,1,1,ITGB3,1.546371069
AVB3InhibitorCilengitide,20,nM,48,1,2,ITGB3,1.799485924
AVB3InhibitorCilengitide,20,nM,48,1,3,ITGB3,2.137941168
AVB3InhibitorCilengitide,20,nM,48,2,1,ITGB3,1.767414969
AVB3InhibitorCilengitide,20,nM,48,2,2,ITGB3,2.68288512
AVB3InhibitorCilengitide,20,nM,48,2,3,ITGB3,1.784105327
AVB3InhibitorCilengitide,20,nM,48,3,1,ITGB3,2.335393275
AVB3InhibitorCilengitide,20,nM,48,3,2,ITGB3,1.921084697
AVB3InhibitorCilengitide,20,nM,48,3,3,ITGB3,2.033737471
RecombinantTGFb,0,ng/mL,6,1,1,Gli2,0.822173028
RecombinantTGFb,0,ng/mL,6,1,2,Gli2,0.935367648
RecombinantTGFb,0,ng/mL,6,1,3,Gli2,0.753123951
RecombinantTGFb,0,ng/mL,6,2,2,Gli2,0.613317428
RecombinantTGFb,0,ng/mL,6,2,3,Gli2,0.607852766
RecombinantTGFb,0,ng/mL,6,3,1,Gli2,0.582889839
RecombinantTGFb,0,ng/mL,6,3,2,Gli2,0.55454983
RecombinantTGFb,0,ng/mL,6,3,3,Gli2,0.624302261
RecombinantTGFb,10,ng/mL,6,1,1,Gli2,0.376751166
RecombinantTGFb,10,ng/mL,6,1,2,Gli2,0.392706198
RecombinantTGFb,10,ng/mL,6,1,3,Gli2,0.279943873
RecombinantTGFb,10,ng/mL,6,2,1,Gli2,0.30757638
RecombinantTGFb,10,ng/mL,6,2,2,Gli2,0.297480347
RecombinantTGFb,10,ng/mL,6,2,3,Gli2,0.425661834
RecombinantTGFb,10,ng/mL,6,3,1,Gli2,0.345385537
RecombinantTGFb,10,ng/mL,6,3,2,Gli2,0.301439912
RecombinantTGFb,10,ng/mL,6,3,3,Gli2,0.260190359
RecombinantTGFb,0,ng/mL,12,1,1,Gli2,0.443301319
RecombinantTGFb,0,ng/mL,12,1,2,Gli2,0.432337058
RecombinantTGFb,0,ng/mL,12,1,3,Gli2,0.433228136
RecombinantTGFb,0,ng/mL,12,2,1,Gli2,0.585312094
RecombinantTGFb,0,ng/mL,12,2,2,Gli2,0.628843535
RecombinantTGFb,0,ng/mL,12,2,3,Gli2,0.527963441
RecombinantTGFb,0,ng/mL,12,3,1,Gli2,0.579719338
RecombinantTGFb,0,ng/mL,12,3,2,Gli2,0.749519019
RecombinantTGFb,0,ng/mL,12,3,3,Gli2,0.672462188
RecombinantTGFb,10,ng/mL,12,1,1,Gli2,1.568103801
RecombinantTGFb,10,ng/mL,12,1,2,Gli2,1.033396919
RecombinantTGFb,10,ng/mL,12,1,3,Gli2,1.122792119
RecombinantTGFb,10,ng/mL,12,2,1,Gli2,1.022708489
RecombinantTGFb,10,ng/mL,12,2,2,Gli2,0.692594771
RecombinantTGFb,10,ng/mL,12,2,3,Gli2,0.82067886
RecombinantTGFb,10,ng/mL,12,3,1,Gli2,1.394859315
RecombinantTGFb,10,ng/mL,12,3,2,Gli2,1.342164545
RecombinantTGFb,10,ng/mL,12,3,3,Gli2,1.519460427
RecombinantTGFb,0,ng/mL,24,1,1,Gli2,0.118854487
RecombinantTGFb,0,ng/mL,24,1,2,Gli2,0.216847765
RecombinantTGFb,0,ng/mL,24,1,3,Gli2,0.262415128
RecombinantTGFb,0,ng/mL,24,2,1,Gli2,0.150959328
RecombinantTGFb,0,ng/mL,24,2,2,Gli2,0.069988204
RecombinantTGFb,0,ng/mL,24,2,3,Gli2,0.065138199
RecombinantTGFb,0,ng/mL,24,3,1,Gli2,0.525869621
RecombinantTGFb,0,ng/mL,24,3,2,Gli2,0.612547041
RecombinantTGFb,0,ng/mL,24,3,3,Gli2,1.149689228
RecombinantTGFb,10,ng/mL,24,1,1,Gli2,1.44575306
RecombinantTGFb,10,ng/mL,24,1,2,Gli2,1.464471151
RecombinantTGFb,10,ng/mL,24,1,3,Gli2,1.480687524
RecombinantTGFb,10,ng/mL,24,2,1,Gli2,2.061831429
RecombinantTGFb,10,ng/mL,24,2,2,Gli2,1.741587489
RecombinantTGFb,10,ng/mL,24,2,3,Gli2,2.260451546
RecombinantTGFb,10,ng/mL,24,3,1,Gli2,0.307559069
RecombinantTGFb,10,ng/mL,24,3,2,Gli2,0.288807619
RecombinantTGFb,10,ng/mL,24,3,3,Gli2,0.552190088
RecombinantTGFb,0,ng/mL,48,1,1,Gli2,0.371442257
RecombinantTGFb,0,ng/mL,48,1,2,Gli2,0.336792733
RecombinantTGFb,0,ng/mL,48,1,3,Gli2,0.427535437
RecombinantTGFb,0,ng/mL,48,2,1,Gli2,0.536348951
RecombinantTGFb,0,ng/mL,48,2,2,Gli2,0.47823157
RecombinantTGFb,0,ng/mL,48,2,3,Gli2,0.61186048
RecombinantTGFb,0,ng/mL,48,3,1,Gli2,0.692298067
RecombinantTGFb,0,ng/mL,48,3,3,Gli2,0.483903794
RecombinantTGFb,10,ng/mL,48,1,1,Gli2,0.407367288
RecombinantTGFb,10,ng/mL,48,1,2,Gli2,0.392629489
RecombinantTGFb,10,ng/mL,48,1,3,Gli2,0.364835879
RecombinantTGFb,10,ng/mL,48,2,1,Gli2,0.457645628
RecombinantTGFb,10,ng/mL,48,2,2,Gli2,0.420944311
RecombinantTGFb,10,ng/mL,48,2,3,Gli2,0.614968412
RecombinantTGFb,10,ng/mL,48,3,1,Gli2,0.931099596
RecombinantTGFb,10,ng/mL,48,3,2,Gli2,0.900708214
RecombinantTGFb,10,ng/mL,48,3,3,Gli2,0.644066211
RecombinantTGFb,0,ng/mL,72,1,1,Gli2,0.301251533
RecombinantTGFb,0,ng/mL,72,1,2,Gli2,0.39930423
RecombinantTGFb,0,ng/mL,72,1,3,Gli2,0.169056771
RecombinantTGFb,0,ng/mL,72,2,1,Gli2,0.084232841
RecombinantTGFb,0,ng/mL,72,2,2,Gli2,0.030320545
RecombinantTGFb,0,ng/mL,72,2,3,Gli2,0.051111537
RecombinantTGFb,0,ng/mL,72,3,1,Gli2,0.270392152
RecombinantTGFb,0,ng/mL,72,3,2,Gli2,0.517405222
RecombinantTGFb,0,ng/mL,72,3,3,Gli2,0.195575666
RecombinantTGFb,10,ng/mL,72,1,1,Gli2,1.065153047
RecombinantTGFb,10,ng/mL,72,1,2,Gli2,0.719480432
RecombinantTGFb,10,ng/mL,72,1,3,Gli2,0.502792443
RecombinantTGFb,10,ng/mL,72,2,1,Gli2,0.123305181
RecombinantTGFb,10,ng/mL,72,2,2,Gli2,0.175587694
RecombinantTGFb,10,ng/mL,72,2,3,Gli2,0.337057464
RecombinantTGFb,10,ng/mL,72,3,1,Gli2,0.668313875
RecombinantTGFb,10,ng/mL,72,3,2,Gli2,0.53330178
RecombinantTGFb,10,ng/mL,72,3,3,Gli2,0.462058302
RecombinantTGFb,0,ng/mL,6,1,1,PTHrP,0.695848684
RecombinantTGFb,0,ng/mL,6,1,2,PTHrP,0.814391963
RecombinantTGFb,0,ng/mL,6,1,3,PTHrP,0.674364332
RecombinantTGFb,0,ng/mL,6,2,1,PTHrP,0.663002224
RecombinantTGFb,0,ng/mL,6,2,2,PTHrP,0.549065152
RecombinantTGFb,0,ng/mL,6,2,3,PTHrP,0.287655695
RecombinantTGFb,0,ng/mL,6,3,1,PTHrP,0.549172882
RecombinantTGFb,0,ng/mL,6,3,2,PTHrP,0.478829896
RecombinantTGFb,0,ng/mL,6,3,3,PTHrP,0.362809094
RecombinantTGFb,10,ng/mL,6,1,1,PTHrP,1.576340169
RecombinantTGFb,10,ng/mL,6,1,2,PTHrP,1.677461863
RecombinantTGFb,10,ng/mL,6,1,3,PTHrP,2.376296817
RecombinantTGFb,10,ng/mL,6,2,1,PTHrP,1.75561336
RecombinantTGFb,10,ng/mL,6,2,2,PTHrP,1.702881829
RecombinantTGFb,10,ng/mL,6,2,3,PTHrP,2.993162639
RecombinantTGFb,10,ng/mL,6,3,1,PTHrP,1.985923096
RecombinantTGFb,10,ng/mL,6,3,2,PTHrP,2.522530268
RecombinantTGFb,10,ng/mL,6,3,3,PTHrP,1.753237281
RecombinantTGFb,0,ng/mL,12,1,1,PTHrP,0.154584029
RecombinantTGFb,0,ng/mL,12,1,2,PTHrP,0.216972731
RecombinantTGFb,0,ng/mL,12,1,3,PTHrP,0.06520318
RecombinantTGFb,0,ng/mL,12,2,1,PTHrP,0.283717653
RecombinantTGFb,0,ng/mL,12,2,2,PTHrP,0.255247521
RecombinantTGFb,0,ng/mL,12,2,3,PTHrP,0.262094205
RecombinantTGFb,0,ng/mL,12,3,1,PTHrP,0.20652495
RecombinantTGFb,0,ng/mL,12,3,2,PTHrP,0.233375264
RecombinantTGFb,10,ng/mL,12,1,1,PTHrP,2.724276136
RecombinantTGFb,10,ng/mL,12,1,2,PTHrP,1.511383255
RecombinantTGFb,10,ng/mL,12,1,3,PTHrP,1.071394312
RecombinantTGFb,10,ng/mL,12,2,1,PTHrP,2.9616551
RecombinantTGFb,10,ng/mL,12,2,2,PTHrP,2.091403503
RecombinantTGFb,10,ng/mL,12,2,3,PTHrP,1.442409055
RecombinantTGFb,10,ng/mL,12,3,1,PTHrP,2.373542234
RecombinantTGFb,10,ng/mL,12,3,2,PTHrP,2.107599416
RecombinantTGFb,10,ng/mL,12,3,3,PTHrP,0.680844731
RecombinantTGFb,0,ng/mL,24,1,1,PTHrP,0.18569897
RecombinantTGFb,0,ng/mL,24,1,2,PTHrP,0.082159851
RecombinantTGFb,0,ng/mL,24,1,3,PTHrP,0.28289664
RecombinantTGFb,0,ng/mL,24,2,1,PTHrP,0.680519893
RecombinantTGFb,0,ng/mL,24,2,2,PTHrP,0.279153819
RecombinantTGFb,0,ng/mL,24,3,1,PTHrP,0.474104632
RecombinantTGFb,0,ng/mL,24,3,2,PTHrP,0.359189713
RecombinantTGFb,0,ng/mL,24,3,3,PTHrP,1.149242228
RecombinantTGFb,10,ng/mL,24,1,1,PTHrP,6.817685723
RecombinantTGFb,10,ng/mL,24,1,2,PTHrP,7.656085189
RecombinantTGFb,10,ng/mL,24,1,3,PTHrP,13.78192942
RecombinantTGFb,10,ng/mL,24,2,1,PTHrP,1.035924248
RecombinantTGFb,10,ng/mL,24,2,2,PTHrP,1.173839164
RecombinantTGFb,10,ng/mL,24,2,3,PTHrP,1.1529212
RecombinantTGFb,10,ng/mL,24,3,1,PTHrP,3.20949654
RecombinantTGFb,10,ng/mL,24,3,2,PTHrP,7.794249117
RecombinantTGFb,10,ng/mL,24,3,3,PTHrP,2.333454426
RecombinantTGFb,0,ng/mL,48,1,1,PTHrP,0.505211333
RecombinantTGFb,0,ng/mL,48,1,2,PTHrP,0.526533495
RecombinantTGFb,0,ng/mL,48,1,3,PTHrP,0.511388366
RecombinantTGFb,0,ng/mL,48,2,1,PTHrP,0.517221215
RecombinantTGFb,0,ng/mL,48,2,2,PTHrP,0.847066476
RecombinantTGFb,0,ng/mL,48,2,3,PTHrP,0.623619063
RecombinantTGFb,0,ng/mL,48,3,1,PTHrP,0.791008141
RecombinantTGFb,0,ng/mL,48,3,3,PTHrP,0.780901834
RecombinantTGFb,10,ng/mL,48,1,1,PTHrP,3.937738327
RecombinantTGFb,10,ng/mL,48,1,2,PTHrP,2.407716508
RecombinantTGFb,10,ng/mL,48,1,3,PTHrP,6.439882516
RecombinantTGFb,10,ng/mL,48,2,1,PTHrP,1.773473788
RecombinantTGFb,10,ng/mL,48,2,2,PTHrP,2.116026217
RecombinantTGFb,10,ng/mL,48,2,3,PTHrP,3.965645407
RecombinantTGFb,10,ng/mL,48,3,1,PTHrP,3.207597524
RecombinantTGFb,10,ng/mL,48,3,2,PTHrP,4.742760292
RecombinantTGFb,10,ng/mL,48,3,3,PTHrP,2.504406077
RecombinantTGFb,0,ng/mL,72,1,1,PTHrP,0.441259431
RecombinantTGFb,0,ng/mL,72,1,2,PTHrP,0.865582789
RecombinantTGFb,0,ng/mL,72,1,3,PTHrP,0.550230854
RecombinantTGFb,0,ng/mL,72,2,1,PTHrP,0.497061239
RecombinantTGFb,0,ng/mL,72,2,2,PTHrP,0.603261108
RecombinantTGFb,0,ng/mL,72,2,3,PTHrP,0.860314302
RecombinantTGFb,0,ng/mL,72,3,1,PTHrP,1.316891396
RecombinantTGFb,0,ng/mL,72,3,2,PTHrP,0.533268563
RecombinantTGFb,0,ng/mL,72,3,3,PTHrP,0.397516246
RecombinantTGFb,10,ng/mL,72,1,1,PTHrP,9.186187183
RecombinantTGFb,10,ng/mL,72,1,2,PTHrP,5.919364234
RecombinantTGFb,10,ng/mL,72,1,3,PTHrP,4.99115766
RecombinantTGFb,10,ng/mL,72,2,1,PTHrP,3.61894185
RecombinantTGFb,10,ng/mL,72,2,2,PTHrP,3.28008426
RecombinantTGFb,10,ng/mL,72,2,3,PTHrP,10.98639968
RecombinantTGFb,10,ng/mL,72,3,1,PTHrP,5.064534356
RecombinantTGFb,10,ng/mL,72,3,2,PTHrP,5.194099888
RecombinantTGFb,10,ng/mL,72,3,3,PTHrP,6.12402716
TGFbInhibitor1D11,0,ug/mL,6,1,1,Gli2,0.171229407
TGFbInhibitor1D11,0,ug/mL,6,1,2,Gli2,0.089689895
TGFbInhibitor1D11,0,ug/mL,6,1,3,Gli2,0.276930403
TGFbInhibitor1D11,0,ug/mL,6,2,1,Gli2,0.02344474
TGFbInhibitor1D11,0,ug/mL,6,2,2,Gli2,0.051716088
TGFbInhibitor1D11,0,ug/mL,6,2,3,Gli2,0.095606788
TGFbInhibitor1D11,0,ug/mL,6,3,1,Gli2,0.030590287
TGFbInhibitor1D11,0,ug/mL,6,3,2,Gli2,0.189056956
TGFbInhibitor1D11,0,ug/mL,6,3,3,Gli2,0.081137584
TGFbInhibitor1D11,10,ug/mL,6,1,1,Gli2,0.166986025
TGFbInhibitor1D11,10,ug/mL,6,1,2,Gli2,0.105049011
TGFbInhibitor1D11,10,ug/mL,6,1,3,Gli2,0.117073195
TGFbInhibitor1D11,10,ug/mL,6,2,1,Gli2,0.05137245
TGFbInhibitor1D11,10,ug/mL,6,2,2,Gli2,0.036852512
TGFbInhibitor1D11,10,ug/mL,6,2,3,Gli2,0.009713451
TGFbInhibitor1D11,10,ug/mL,6,3,1,Gli2,0.001870972
TGFbInhibitor1D11,10,ug/mL,6,3,2,Gli2,0.050214509
TGFbInhibitor1D11,10,ug/mL,6,3,3,Gli2,0.04914078
TGFbInhibitor1D11,0,ug/mL,12,1,1,Gli2,0.05728359
TGFbInhibitor1D11,0,ug/mL,12,1,2,Gli2,0.091171422
TGFbInhibitor1D11,0,ug/mL,12,1,3,Gli2,0.029800028
TGFbInhibitor1D11,0,ug/mL,12,2,1,Gli2,0.036339957
TGFbInhibitor1D11,0,ug/mL,12,2,2,Gli2,0.084223981
TGFbInhibitor1D11,0,ug/mL,12,2,3,Gli2,0.0372266
TGFbInhibitor1D11,0,ug/mL,12,3,1,Gli2,0.01605947
TGFbInhibitor1D11,0,ug/mL,12,3,2,Gli2,0.036015317
TGFbInhibitor1D11,0,ug/mL,12,3,3,Gli2,0.012820162
TGFbInhibitor1D11,10,ug/mL,12,1,1,Gli2,0.009491953
TGFbInhibitor1D11,10,ug/mL,12,1,2,Gli2,0.004409179
TGFbInhibitor1D11,10,ug/mL,12,1,3,Gli2,0.001170257
TGFbInhibitor1D11,10,ug/mL,12,2,1,Gli2,0.034439542
TGFbInhibitor1D11,10,ug/mL,12,2,2,Gli2,0.029024642
TGFbInhibitor1D11,10,ug/mL,12,2,3,Gli2,0.022686291
TGFbInhibitor1D11,10,ug/mL,12,3,1,Gli2,0.037807881
TGFbInhibitor1D11,10,ug/mL,12,3,2,Gli2,0.028230979
TGFbInhibitor1D11,0,ug/mL,24,1,1,Gli2,0.053402525
TGFbInhibitor1D11,0,ug/mL,24,1,2,Gli2,0.20891853
TGFbInhibitor1D11,0,ug/mL,24,1,3,Gli2,0.125846984
TGFbInhibitor1D11,0,ug/mL,24,2,1,Gli2,0.155881071
TGFbInhibitor1D11,0,ug/mL,24,2,2,Gli2,0.022083011
TGFbInhibitor1D11,0,ug/mL,24,2,3,Gli2,0.014868931
TGFbInhibitor1D11,0,ug/mL,24,3,2,Gli2,0.025143191
TGFbInhibitor1D11,0,ug/mL,24,3,3,Gli2,0.102995083
TGFbInhibitor1D11,10,ug/mL,24,1,1,Gli2,0.081671848
TGFbInhibitor1D11,10,ug/mL,24,1,2,Gli2,0.030575631
TGFbInhibitor1D11,10,ug/mL,24,1,3,Gli2,0.247987047
TGFbInhibitor1D11,10,ug/mL,24,2,1,Gli2,0.084443682
TGFbInhibitor1D11,10,ug/mL,24,2,2,Gli2,0.103992559
TGFbInhibitor1D11,10,ug/mL,24,2,3,Gli2,0.018675995
TGFbInhibitor1D11,0,ug/mL,48,1,2,Gli2,0.093764798
TGFbInhibitor1D11,0,ug/mL,48,1,3,Gli2,0.062688762
TGFbInhibitor1D11,0,ug/mL,48,2,1,Gli2,0.107927018
TGFbInhibitor1D11,0,ug/mL,48,2,2,Gli2,0.042406341
TGFbInhibitor1D11,0,ug/mL,48,2,3,Gli2,0.085295208
TGFbInhibitor1D11,0,ug/mL,48,3,1,Gli2,0.115267309
TGFbInhibitor1D11,0,ug/mL,48,3,2,Gli2,0.049564394
TGFbInhibitor1D11,0,ug/mL,48,3,3,Gli2,0.024911474
TGFbInhibitor1D11,10,ug/mL,48,1,1,Gli2,0.05237706
TGFbInhibitor1D11,10,ug/mL,48,1,3,Gli2,0.029695006
TGFbInhibitor1D11,10,ug/mL,48,2,1,Gli2,0.027237062
TGFbInhibitor1D11,10,ug/mL,48,2,2,Gli2,0.047201297
TGFbInhibitor1D11,10,ug/mL,48,2,3,Gli2,0.028028447
TGFbInhibitor1D11,10,ug/mL,48,3,1,Gli2,0.075370556
TGFbInhibitor1D11,10,ug/mL,48,3,2,Gli2,0.072578952
TGFbInhibitor1D11,10,ug/mL,48,3,3,Gli2,0.047742727
TGFbInhibitor1D11,0,ug/mL,72,1,1,Gli2,0.270163182
TGFbInhibitor1D11,0,ug/mL,72,1,2,Gli2,0.263609602
TGFbInhibitor1D11,0,ug/mL,72,1,3,Gli2,0.183246496
TGFbInhibitor1D11,0,ug/mL,72,2,1,Gli2,0.111203273
TGFbInhibitor1D11,0,ug/mL,72,2,2,Gli2,0.111666295
TGFbInhibitor1D11,0,ug/mL,72,3,2,Gli2,0.131594609
TGFbInhibitor1D11,0,ug/mL,72,3,3,Gli2,0.137066943
TGFbInhibitor1D11,10,ug/mL,72,1,1,Gli2,0.06318911
TGFbInhibitor1D11,10,ug/mL,72,1,2,Gli2,0.03023432
TGFbInhibitor1D11,10,ug/mL,72,1,3,Gli2,0.013698726
TGFbInhibitor1D11,10,ug/mL,72,2,1,Gli2,0.002453254
TGFbInhibitor1D11,10,ug/mL,72,2,2,Gli2,0.040450835
TGFbInhibitor1D11,10,ug/mL,72,2,3,Gli2,0.039683267
TGFbInhibitor1D11,10,ug/mL,72,3,1,Gli2,0.006349827
TGFbInhibitor1D11,10,ug/mL,72,3,2,Gli2,0.005011836
TGFbInhibitor1D11,10,ug/mL,72,3,3,Gli2,0.027792302
TGFbInhibitor1D11,0,ug/mL,6,1,1,PTHrP,0.163152239
TGFbInhibitor1D11,0,ug/mL,6,1,2,PTHrP,0.311223172
TGFbInhibitor1D11,0,ug/mL,6,1,3,PTHrP,0.580091141
TGFbInhibitor1D11,0,ug/mL,6,2,1,PTHrP,0.125692329
TGFbInhibitor1D11,0,ug/mL,6,2,2,PTHrP,0.18673083
TGFbInhibitor1D11,0,ug/mL,6,2,3,PTHrP,0.128771914
TGFbInhibitor1D11,0,ug/mL,6,3,1,PTHrP,0.217660722
TGFbInhibitor1D11,0,ug/mL,6,3,2,PTHrP,0.333313792
TGFbInhibitor1D11,0,ug/mL,6,3,3,PTHrP,0.205830409
TGFbInhibitor1D11,10,ug/mL,6,1,1,PTHrP,0.099332349
TGFbInhibitor1D11,10,ug/mL,6,1,2,PTHrP,0.14458976
TGFbInhibitor1D11,10,ug/mL,6,1,3,PTHrP,0.20213052
TGFbInhibitor1D11,10,ug/mL,6,2,2,PTHrP,0.020145513
TGFbInhibitor1D11,10,ug/mL,6,2,3,PTHrP,0.05213157
TGFbInhibitor1D11,10,ug/mL,6,3,1,PTHrP,0.026114199
TGFbInhibitor1D11,10,ug/mL,6,3,2,PTHrP,0.074419335
TGFbInhibitor1D11,10,ug/mL,6,3,3,PTHrP,0.021757763
TGFbInhibitor1D11,0,ug/mL,12,1,1,PTHrP,0.264641817
TGFbInhibitor1D11,0,ug/mL,12,1,2,PTHrP,0.218470291
TGFbInhibitor1D11,0,ug/mL,12,1,3,PTHrP,0.239070735
TGFbInhibitor1D11,0,ug/mL,12,2,1,PTHrP,0.288560496
TGFbInhibitor1D11,0,ug/mL,12,2,2,PTHrP,0.127235045
TGFbInhibitor1D11,0,ug/mL,12,2,3,PTHrP,0.313543963
TGFbInhibitor1D11,0,ug/mL,12,3,1,PTHrP,0.136528011
TGFbInhibitor1D11,0,ug/mL,12,3,3,PTHrP,0.100211848
TGFbInhibitor1D11,10,ug/mL,12,1,1,PTHrP,0.092039558
TGFbInhibitor1D11,10,ug/mL,12,1,2,PTHrP,0.088689516
TGFbInhibitor1D11,10,ug/mL,12,1,3,PTHrP,0.167105554
TGFbInhibitor1D11,10,ug/mL,12,2,1,PTHrP,0.198477449
TGFbInhibitor1D11,10,ug/mL,12,2,2,PTHrP,0.223989248
TGFbInhibitor1D11,10,ug/mL,12,2,3,PTHrP,0.301354432
TGFbInhibitor1D11,10,ug/mL,12,3,1,PTHrP,0.332810435
TGFbInhibitor1D11,10,ug/mL,12,3,2,PTHrP,0.264165032
TGFbInhibitor1D11,10,ug/mL,12,3,3,PTHrP,0.166627874
TGFbInhibitor1D11,0,ug/mL,24,1,1,PTHrP,0.265415153
TGFbInhibitor1D11,0,ug/mL,24,1,2,PTHrP,0.387649851
TGFbInhibitor1D11,0,ug/mL,24,1,3,PTHrP,0.292006812
TGFbInhibitor1D11,0,ug/mL,24,2,1,PTHrP,0.266854374
TGFbInhibitor1D11,0,ug/mL,24,2,2,PTHrP,0.169268026
TGFbInhibitor1D11,0,ug/mL,24,2,3,PTHrP,0.149852091
TGFbInhibitor1D11,0,ug/mL,24,3,1,PTHrP,0.104729663
TGFbInhibitor1D11,0,ug/mL,24,3,2,PTHrP,0.142798396
TGFbInhibitor1D11,0,ug/mL,24,3,3,PTHrP,0.169114041
TGFbInhibitor1D11,10,ug/mL,24,1,1,PTHrP,0.202838379
TGFbInhibitor1D11,10,ug/mL,24,1,2,PTHrP,0.104846678
TGFbInhibitor1D11,10,ug/mL,24,1,3,PTHrP,0.202148409
TGFbInhibitor1D11,10,ug/mL,24,2,1,PTHrP,0.286946296
TGFbInhibitor1D11,10,ug/mL,24,2,2,PTHrP,0.400492596
TGFbInhibitor1D11,10,ug/mL,24,3,1,PTHrP,0.329446589
TGFbInhibitor1D11,10,ug/mL,24,3,2,PTHrP,0.545137945
TGFbInhibitor1D11,0,ug/mL,48,1,1,PTHrP,0.296279658
TGFbInhibitor1D11,0,ug/mL,48,1,2,PTHrP,0.577604188
TGFbInhibitor1D11,0,ug/mL,48,1,3,PTHrP,0.296556784
TGFbInhibitor1D11,0,ug/mL,48,2,1,PTHrP,0.38082846
TGFbInhibitor1D11,0,ug/mL,48,2,2,PTHrP,0.387486466
TGFbInhibitor1D11,0,ug/mL,48,2,3,PTHrP,0.273418253
TGFbInhibitor1D11,0,ug/mL,48,3,1,PTHrP,0.107022964
TGFbInhibitor1D11,0,ug/mL,48,3,3,PTHrP,0.127536751
TGFbInhibitor1D11,10,ug/mL,48,1,1,PTHrP,0.445225411
TGFbInhibitor1D11,10,ug/mL,48,1,2,PTHrP,0.585697618
TGFbInhibitor1D11,10,ug/mL,48,1,3,PTHrP,0.298553343
TGFbInhibitor1D11,10,ug/mL,48,2,1,PTHrP,0.283565155
TGFbInhibitor1D11,10,ug/mL,48,2,2,PTHrP,0.201552421
TGFbInhibitor1D11,10,ug/mL,48,2,3,PTHrP,0.243662849
TGFbInhibitor1D11,10,ug/mL,48,3,1,PTHrP,0.264120433
TGFbInhibitor1D11,10,ug/mL,48,3,2,PTHrP,0.273455727
TGFbInhibitor1D11,10,ug/mL,48,3,3,PTHrP,0.436000426
TGFbInhibitor1D11,0,ug/mL,72,1,1,PTHrP,0.964208797
TGFbInhibitor1D11,0,ug/mL,72,1,2,PTHrP,0.731583331
TGFbInhibitor1D11,0,ug/mL,72,1,3,PTHrP,0.3744982
TGFbInhibitor1D11,0,ug/mL,72,2,1,PTHrP,1.136210069
TGFbInhibitor1D11,0,ug/mL,72,2,2,PTHrP,0.481485876
TGFbInhibitor1D11,0,ug/mL,72,2,3,PTHrP,1.158723441
TGFbInhibitor1D11,0,ug/mL,72,3,1,PTHrP,0.687482666
TGFbInhibitor1D11,0,ug/mL,72,3,2,PTHrP,0.441461781
TGFbInhibitor1D11,0,ug/mL,72,3,3,PTHrP,0.421419043
TGFbInhibitor1D11,10,ug/mL,72,2,1,PTHrP,0.317581996
TGFbInhibitor1D11,10,ug/mL,72,2,2,PTHrP,0.301874115
TGFbInhibitor1D11,10,ug/mL,72,2,3,PTHrP,0.500070504
TGFbInhibitor1D11,10,ug/mL,72,3,1,PTHrP,0.188104823
TGFbInhibitor1D11,10,ug/mL,72,3,2,PTHrP,0.342807976
Gli2InhibitorGANT58,0,uM,24,2,1,PTHrP,0.69614705
Gli2InhibitorGANT58,0,uM,24,2,2,PTHrP,0.326096867
Gli2InhibitorGANT58,0,uM,24,2,3,PTHrP,0.227767029
Gli2InhibitorGANT58,0,uM,24,3,1,PTHrP,0.647673832
Gli2InhibitorGANT58,0,uM,24,3,2,PTHrP,0.321097579
Gli2InhibitorGANT58,0,uM,24,3,3,PTHrP,0.178341896
Gli2InhibitorGANT58,0,uM,24,4,1,PTHrP,2.393507129
Gli2InhibitorGANT58,0,uM,24,4,2,PTHrP,1.087601941
Gli2InhibitorGANT58,0,uM,24,4,3,PTHrP,0.836011743
Gli2InhibitorGANT58,5,uM,24,1,1,PTHrP,0.407561773
Gli2InhibitorGANT58,5,uM,24,1,2,PTHrP,0.255185637
Gli2InhibitorGANT58,5,uM,24,1,3,PTHrP,0.280012233
Gli2InhibitorGANT58,10,uM,24,1,1,PTHrP,0.552809242
Gli2InhibitorGANT58,10,uM,24,1,2,PTHrP,0.535055588
Gli2InhibitorGANT58,10,uM,24,1,3,PTHrP,0.281992972
Gli2InhibitorGANT58,10,uM,24,2,1,PTHrP,0.915408539
Gli2InhibitorGANT58,10,uM,24,2,2,PTHrP,0.413303831
Gli2InhibitorGANT58,10,uM,24,2,3,PTHrP,0.256726122
Gli2InhibitorGANT58,10,uM,24,3,1,PTHrP,0.351030689
Gli2InhibitorGANT58,10,uM,24,3,2,PTHrP,0.204616472
Gli2InhibitorGANT58,10,uM,24,3,3,PTHrP,0.101187973
Gli2InhibitorGANT58,10,uM,24,4,1,PTHrP,0.711851143
Gli2InhibitorGANT58,10,uM,24,4,2,PTHrP,0.426371328
Gli2InhibitorGANT58,10,uM,24,4,3,PTHrP,0.269348544
Gli2InhibitorGANT58,20,uM,24,1,1,PTHrP,0.510591077
Gli2InhibitorGANT58,20,uM,24,1,2,PTHrP,0.308144692
Gli2InhibitorGANT58,20,uM,24,1,3,PTHrP,0.205699002
Gli2InhibitorGANT58,20,uM,24,2,1,PTHrP,0.845501548
Gli2InhibitorGANT58,20,uM,24,2,2,PTHrP,0.366245189
Gli2InhibitorGANT58,20,uM,24,2,3,PTHrP,0.231585992
Gli2InhibitorGANT58,20,uM,24,3,1,PTHrP,0.831296399
Gli2InhibitorGANT58,20,uM,24,3,2,PTHrP,0.361119397
Gli2InhibitorGANT58,20,uM,24,3,3,PTHrP,0.188991762
Gli2InhibitorGANT58,20,uM,24,4,1,PTHrP,1.838907062
Gli2InhibitorGANT58,20,uM,24,4,2,PTHrP,1.044535743
Gli2InhibitorGANT58,20,uM,24,4,3,PTHrP,0.544778128
Gli2InhibitorGANT58,40,uM,24,1,1,PTHrP,1.553880361
Gli2InhibitorGANT58,40,uM,24,1,2,PTHrP,0.616280916
Gli2InhibitorGANT58,40,uM,24,1,3,PTHrP,0.892857643
Gli2InhibitorGANT58,40,uM,24,2,1,PTHrP,1.360978923
Gli2InhibitorGANT58,40,uM,24,2,2,PTHrP,0.996203702
Gli2InhibitorGANT58,40,uM,24,2,3,PTHrP,0.323270405
Gli2InhibitorGANT58,40,uM,24,3,1,PTHrP,0.706817511
Gli2InhibitorGANT58,40,uM,24,3,2,PTHrP,0.339841837
Gli2InhibitorGANT58,40,uM,24,3,3,PTHrP,0.206523762
Gli2InhibitorGANT58,40,uM,24,4,1,PTHrP,0.675822309
Gli2InhibitorGANT58,40,uM,24,4,2,PTHrP,0.63404904
Gli2InhibitorGANT58,40,uM,24,4,3,PTHrP,0.281977384
Gli2InhibitorGANT58,80,uM,24,1,1,PTHrP,0.722262124
Gli2InhibitorGANT58,80,uM,24,1,2,PTHrP,0.394062327
Gli2InhibitorGANT58,80,uM,24,1,3,PTHrP,0.239418621
Gli2InhibitorGANT58,80,uM,24,2,1,PTHrP,0.620860026
Gli2InhibitorGANT58,80,uM,24,2,2,PTHrP,0.46755868
Gli2InhibitorGANT58,80,uM,24,2,3,PTHrP,0.242611011
Gli2InhibitorGANT58,80,uM,24,3,1,PTHrP,0.359765706
Gli2InhibitorGANT58,80,uM,24,3,2,PTHrP,0.387746841
Gli2InhibitorGANT58,80,uM,24,3,3,PTHrP,0.200031079
Gli2InhibitorGANT58,80,uM,24,4,1,PTHrP,0.072228549
Gli2InhibitorGANT58,80,uM,24,4,2,PTHrP,0.054570351
Gli2InhibitorGANT58,80,uM,24,4,3,PTHrP,0.038405166
Gli2InhibitorGANT58,0,uM,48,1,1,PTHrP,0.698446329
Gli2InhibitorGANT58,0,uM,48,1,2,PTHrP,0.731509967
Gli2InhibitorGANT58,0,uM,48,1,3,PTHrP,0.580460491
Gli2InhibitorGANT58,0,uM,48,2,1,PTHrP,0.571074275
Gli2InhibitorGANT58,0,uM,48,2,2,PTHrP,0.431283253
Gli2InhibitorGANT58,0,uM,48,2,3,PTHrP,0.396399018
Gli2InhibitorGANT58,0,uM,48,3,1,PTHrP,0.35565311
Gli2InhibitorGANT58,0,uM,48,3,2,PTHrP,0.365882545
Gli2InhibitorGANT58,0,uM,48,3,3,PTHrP,0.313953786
Gli2InhibitorGANT58,0,uM,48,4,1,PTHrP,0.633420443
Gli2InhibitorGANT58,0,uM,48,4,2,PTHrP,0.637303563
Gli2InhibitorGANT58,0,uM,48,4,3,PTHrP,0.657340714
Gli2InhibitorGANT58,5,uM,48,1,1,PTHrP,0.362081249
Gli2InhibitorGANT58,5,uM,48,1,2,PTHrP,0.362548199
Gli2InhibitorGANT58,5,uM,48,1,3,PTHrP,0.340533164
Gli2InhibitorGANT58,5,uM,48,2,1,PTHrP,0.37059662
Gli2InhibitorGANT58,5,uM,48,2,2,PTHrP,0.337246284
Gli2InhibitorGANT58,5,uM,48,2,3,PTHrP,0.370784872
Gli2InhibitorGANT58,5,uM,48,3,1,PTHrP,0.233034541
Gli2InhibitorGANT58,5,uM,48,3,2,PTHrP,0.266155639
Gli2InhibitorGANT58,5,uM,48,3,3,PTHrP,0.207778969
Gli2InhibitorGANT58,5,uM,48,4,1,PTHrP,0.201838523
Gli2InhibitorGANT58,5,uM,48,4,2,PTHrP,0.236401096
Gli2InhibitorGANT58,5,uM,48,4,3,PTHrP,0.188696882
Gli2InhibitorGANT58,10,uM,48,1,1,PTHrP,0.328289453
Gli2InhibitorGANT58,10,uM,48,1,2,PTHrP,0.401356745
Gli2InhibitorGANT58,10,uM,48,1,3,PTHrP,0.354927291
Gli2InhibitorGANT58,10,uM,48,2,1,PTHrP,0.346443806
Gli2InhibitorGANT58,10,uM,48,2,2,PTHrP,0.309115385
Gli2InhibitorGANT58,10,uM,48,2,3,PTHrP,0.296998837
Gli2InhibitorGANT58,10,uM,48,3,1,PTHrP,0.198761364
Gli2InhibitorGANT58,10,uM,48,3,2,PTHrP,0.21244989
Gli2InhibitorGANT58,10,uM,48,3,3,PTHrP,0.191501804
Gli2InhibitorGANT58,10,uM,48,4,1,PTHrP,0.328733386
Gli2InhibitorGANT58,10,uM,48,4,2,PTHrP,0.197663779
Gli2InhibitorGANT58,10,uM,48,4,3,PTHrP,0.230064345
Gli2InhibitorGANT58,20,uM,48,1,1,PTHrP,0.149879694
Gli2InhibitorGANT58,20,uM,48,1,2,PTHrP,0.16072559
Gli2InhibitorGANT58,20,uM,48,1,3,PTHrP,0.174037566
Gli2InhibitorGANT58,20,uM,48,2,1,PTHrP,0.303029754
Gli2InhibitorGANT58,20,uM,48,2,2,PTHrP,0.291677813
Gli2InhibitorGANT58,20,uM,48,2,3,PTHrP,0.284142283
Gli2InhibitorGANT58,20,uM,48,3,1,PTHrP,0.303216654
Gli2InhibitorGANT58,20,uM,48,3,2,PTHrP,0.329581018
Gli2InhibitorGANT58,20,uM,48,3,3,PTHrP,0.325662028
Gli2InhibitorGANT58,20,uM,48,4,1,PTHrP,0.310876299
Gli2InhibitorGANT58,20,uM,48,4,2,PTHrP,0.326067234
Gli2InhibitorGANT58,20,uM,48,4,3,PTHrP,0.283086822
Gli2InhibitorGANT58,40,uM,48,1,1,PTHrP,0.461946577
Gli2InhibitorGANT58,40,uM,48,1,2,PTHrP,0.52015118
Gli2InhibitorGANT58,40,uM,48,1,3,PTHrP,0.454755258
Gli2InhibitorGANT58,40,uM,48,2,1,PTHrP,0.353973132
Gli2InhibitorGANT58,40,uM,48,2,2,PTHrP,0.428180134
Gli2InhibitorGANT58,40,uM,48,2,3,PTHrP,0.419351992
Gli2InhibitorGANT58,40,uM,48,3,1,PTHrP,0.376337825
Gli2InhibitorGANT58,40,uM,48,3,2,PTHrP,0.346345738
Gli2InhibitorGANT58,40,uM,48,3,3,PTHrP,0.302805331
Gli2InhibitorGANT58,40,uM,48,4,1,PTHrP,0.313844974
Gli2InhibitorGANT58,40,uM,48,4,2,PTHrP,0.382881353
Gli2InhibitorGANT58,40,uM,48,4,3,PTHrP,0.361312534
Gli2InhibitorGANT58,80,uM,48,1,1,PTHrP,0.454358258
Gli2InhibitorGANT58,80,uM,48,1,2,PTHrP,0.411472937
Gli2InhibitorGANT58,80,uM,48,1,3,PTHrP,0.447051355
Gli2InhibitorGANT58,80,uM,48,2,1,PTHrP,0.441968288
Gli2InhibitorGANT58,80,uM,48,2,2,PTHrP,0.450086547
Gli2InhibitorGANT58,80,uM,48,2,3,PTHrP,0.471235061
Gli2InhibitorGANT58,80,uM,48,3,1,PTHrP,0.358002581
Gli2InhibitorGANT58,80,uM,48,3,2,PTHrP,0.406529028
Gli2InhibitorGANT58,80,uM,48,3,3,PTHrP,0.40581944
Gli2InhibitorGANT58,80,uM,48,4,1,PTHrP,0.403935515
Gli2InhibitorGANT58,80,uM,48,4,2,PTHrP,0.454274837
Gli2InhibitorGANT58,80,uM,48,4,3,PTHrP,0.396372785
Gli2InhibitorGANT58,0,uM,72,2,1,PTHrP,0.318053917
Gli2InhibitorGANT58,0,uM,72,2,2,PTHrP,0.308500147
Gli2InhibitorGANT58,0,uM,72,2,3,PTHrP,0.283618912
Gli2InhibitorGANT58,0,uM,72,3,1,PTHrP,0.302837103
Gli2InhibitorGANT58,0,uM,72,3,2,PTHrP,0.326984416
Gli2InhibitorGANT58,0,uM,72,3,3,PTHrP,0.259870111
Gli2InhibitorGANT58,0,uM,72,4,1,PTHrP,0.435694311
Gli2InhibitorGANT58,0,uM,72,4,2,PTHrP,0.264717318
Gli2InhibitorGANT58,0,uM,72,4,3,PTHrP,0.206964681
Gli2InhibitorGANT58,5,uM,72,1,1,PTHrP,0.095709306
Gli2InhibitorGANT58,5,uM,72,1,2,PTHrP,0.103612044
Gli2InhibitorGANT58,5,uM,72,1,3,PTHrP,0.085738526
Gli2InhibitorGANT58,5,uM,72,2,1,PTHrP,0.230417939
Gli2InhibitorGANT58,5,uM,72,2,2,PTHrP,0.179267248
Gli2InhibitorGANT58,5,uM,72,2,3,PTHrP,0.063637233
Gli2InhibitorGANT58,5,uM,72,3,1,PTHrP,0.112023663
Gli2InhibitorGANT58,5,uM,72,3,2,PTHrP,0.097897996
Gli2InhibitorGANT58,5,uM,72,3,3,PTHrP,0.101760117
Gli2InhibitorGANT58,5,uM,72,4,1,PTHrP,0.169936376
Gli2InhibitorGANT58,5,uM,72,4,2,PTHrP,0.175009306
Gli2InhibitorGANT58,5,uM,72,4,3,PTHrP,0.186849281
Gli2InhibitorGANT58,10,uM,72,1,1,PTHrP,0.254339928
Gli2InhibitorGANT58,10,uM,72,1,2,PTHrP,0.35316534
Gli2InhibitorGANT58,10,uM,72,1,3,PTHrP,0.317121563
Gli2InhibitorGANT58,10,uM,72,3,1,PTHrP,0.152192248
Gli2InhibitorGANT58,10,uM,72,3,2,PTHrP,0.169374774
Gli2InhibitorGANT58,10,uM,72,3,3,PTHrP,0.188564467
Gli2InhibitorGANT58,10,uM,72,4,1,PTHrP,0.135229306
Gli2InhibitorGANT58,10,uM,72,4,2,PTHrP,0.106462468
Gli2InhibitorGANT58,10,uM,72,4,3,PTHrP,0.147319158
Gli2InhibitorGANT58,20,uM,72,2,1,PTHrP,0.199865982
Gli2InhibitorGANT58,20,uM,72,2,2,PTHrP,0.164991965
Gli2InhibitorGANT58,20,uM,72,2,3,PTHrP,0.169903125
Gli2InhibitorGANT58,20,uM,72,3,1,PTHrP,0.191894979
Gli2InhibitorGANT58,20,uM,72,3,2,PTHrP,0.212767875
Gli2InhibitorGANT58,20,uM,72,3,3,PTHrP,0.200503479
Gli2InhibitorGANT58,20,uM,72,4,1,PTHrP,0.334023253
Gli2InhibitorGANT58,20,uM,72,4,2,PTHrP,0.291488726
Gli2InhibitorGANT58,20,uM,72,4,3,PTHrP,0.374190422
Gli2InhibitorGANT58,40,uM,72,1,1,PTHrP,0.543145537
Gli2InhibitorGANT58,40,uM,72,1,2,PTHrP,0.542702929
Gli2InhibitorGANT58,40,uM,72,1,3,PTHrP,0.606618897
Gli2InhibitorGANT58,40,uM,72,2,1,PTHrP,0.103783237
Gli2InhibitorGANT58,40,uM,72,2,2,PTHrP,0.101153279
Gli2InhibitorGANT58,40,uM,72,2,3,PTHrP,0.154456104
Gli2InhibitorGANT58,40,uM,72,3,1,PTHrP,0.28439364
Gli2InhibitorGANT58,40,uM,72,3,2,PTHrP,0.251159384
Gli2InhibitorGANT58,40,uM,72,3,3,PTHrP,0.324709575
Gli2InhibitorGANT58,40,uM,72,4,1,PTHrP,0.15527788
Gli2InhibitorGANT58,40,uM,72,4,2,PTHrP,0.182938227
Gli2InhibitorGANT58,40,uM,72,4,3,PTHrP,0.14518822
Gli2InhibitorGANT58,80,uM,72,1,1,PTHrP,0.506583138
Gli2InhibitorGANT58,80,uM,72,1,2,PTHrP,0.428474814
Gli2InhibitorGANT58,80,uM,72,1,3,PTHrP,0.627357838
Gli2InhibitorGANT58,80,uM,72,2,1,PTHrP,0.508260215
Gli2InhibitorGANT58,80,uM,72,2,2,PTHrP,0.637383652
Gli2InhibitorGANT58,80,uM,72,2,3,PTHrP,0.627659773
Gli2InhibitorGANT58,80,uM,72,3,1,PTHrP,0.83568005
Gli2InhibitorGANT58,80,uM,72,3,2,PTHrP,0.907823162
Gli2InhibitorGANT58,80,uM,72,3,3,PTHrP,1.000316453
p38MAPKInhibitorSB202190,0,nM,4,1,1,Gli2,0.232583143
p38MAPKInhibitorSB202190,0,nM,4,1,2,Gli2,0.181227737
p38MAPKInhibitorSB202190,0,nM,4,1,3,Gli2,0.240006656
p38MAPKInhibitorSB202190,50,nM,4,1,1,Gli2,0.49761421
p38MAPKInhibitorSB202190,50,nM,4,1,2,Gli2,0.528653815
p38MAPKInhibitorSB202190,50,nM,4,1,3,Gli2,0.266661288
p38MAPKInhibitorSB202190,0,nM,8,1,1,Gli2,0.104849227
p38MAPKInhibitorSB202190,0,nM,8,1,2,Gli2,0.107197765
p38MAPKInhibitorSB202190,0,nM,8,1,3,Gli2,0.124827543
p38MAPKInhibitorSB202190,50,nM,8,1,1,Gli2,0.196682791
p38MAPKInhibitorSB202190,50,nM,8,1,2,Gli2,0.190585857
p38MAPKInhibitorSB202190,50,nM,8,1,3,Gli2,0.196519918
p38MAPKInhibitorSB202190,0,nM,16,1,1,Gli2,0.578598449
p38MAPKInhibitorSB202190,0,nM,16,1,2,Gli2,0.635935226
p38MAPKInhibitorSB202190,0,nM,16,1,3,Gli2,0.549073614
p38MAPKInhibitorSB202190,50,nM,16,1,1,Gli2,0.412003014
p38MAPKInhibitorSB202190,50,nM,16,1,2,Gli2,0.4364181
p38MAPKInhibitorSB202190,50,nM,16,1,3,Gli2,0.435866925
p38MAPKInhibitorSB202190,0,nM,4,1,1,PTHrP,0.29462547
p38MAPKInhibitorSB202190,0,nM,4,1,2,PTHrP,0.296126206
p38MAPKInhibitorSB202190,0,nM,4,1,3,PTHrP,0.304991505
p38MAPKInhibitorSB202190,50,nM,4,1,1,PTHrP,0.097752366
p38MAPKInhibitorSB202190,50,nM,4,1,2,PTHrP,0.097975807
p38MAPKInhibitorSB202190,50,nM,4,1,3,PTHrP,0.097109927
p38MAPKInhibitorSB202190,0,nM,8,1,1,PTHrP,0.314836504
p38MAPKInhibitorSB202190,0,nM,8,1,2,PTHrP,0.315091155
p38MAPKInhibitorSB202190,0,nM,8,1,3,PTHrP,0.386859752
p38MAPKInhibitorSB202190,50,nM,8,1,1,PTHrP,0.068090516
p38MAPKInhibitorSB202190,50,nM,8,1,2,PTHrP,0.087298568
p38MAPKInhibitorSB202190,50,nM,8,1,3,PTHrP,0.079080677
p38MAPKInhibitorSB202190,0,nM,16,1,1,PTHrP,1.506398468
p38MAPKInhibitorSB202190,0,nM,16,1,2,PTHrP,1.401581461
p38MAPKInhibitorSB202190,0,nM,16,1,3,PTHrP,1.347549147
p38MAPKInhibitorSB202190,50,nM,16,1,1,PTHrP,0.471966602
p38MAPKInhibitorSB202190,50,nM,16,1,2,PTHrP,0.516906253
p38MAPKInhibitorSB202190,50,nM,16,1,3,PTHrP,0.546677656
SMAD3InhibitorSIS3,0,uM,4,1,1,Gli2,0.232583143
SMAD3InhibitorSIS3,0,uM,4,1,2,Gli2,0.181227737
SMAD3InhibitorSIS3,0,uM,4,1,3,Gli2,0.240006656
SMAD3InhibitorSIS3,1,uM,4,1,1,Gli2,0.419453698
SMAD3InhibitorSIS3,1,uM,4,1,2,Gli2,0.338105492
SMAD3InhibitorSIS3,1,uM,4,1,3,Gli2,0.388483928
SMAD3InhibitorSIS3,0,uM,8,1,1,Gli2,0.104849227
SMAD3InhibitorSIS3,0,uM,8,1,2,Gli2,0.107197765
SMAD3InhibitorSIS3,0,uM,8,1,3,Gli2,0.124827543
SMAD3InhibitorSIS3,1,uM,8,1,1,Gli2,0.166004982
SMAD3InhibitorSIS3,1,uM,8,1,2,Gli2,0.178773548
SMAD3InhibitorSIS3,1,uM,8,1,3,Gli2,0.178502245
SMAD3InhibitorSIS3,0,uM,16,1,1,Gli2,0.578598449
SMAD3InhibitorSIS3,0,uM,16,1,2,Gli2,0.635935226
SMAD3InhibitorSIS3,0,uM,16,1,3,Gli2,0.549073614
SMAD3InhibitorSIS3,1,uM,16,1,1,Gli2,0.141083857
SMAD3InhibitorSIS3,1,uM,16,1,2,Gli2,0.136723497
SMAD3InhibitorSIS3,1,uM,16,1,3,Gli2,0.142415626
SMAD3InhibitorSIS3,0,uM,4,1,1,PTHrP,0.29462547
SMAD3InhibitorSIS3,0,uM,4,1,2,PTHrP,0.296126206
SMAD3InhibitorSIS3,0,uM,4,1,3,PTHrP,0.304991505
SMAD3InhibitorSIS3,1,uM,4,1,1,PTHrP,0.54308166
SMAD3InhibitorSIS3,1,uM,4,1,2,PTHrP,0.573166811
SMAD3InhibitorSIS3,1,uM,4,1,3,PTHrP,0.431226629
SMAD3InhibitorSIS3,0,uM,8,1,1,PTHrP,0.314836504
SMAD3InhibitorSIS3,0,uM,8,1,2,PTHrP,0.315091155
SMAD3InhibitorSIS3,0,uM,8,1,3,PTHrP,0.386859752
SMAD3InhibitorSIS3,1,uM,8,1,1,PTHrP,0.223808447
SMAD3InhibitorSIS3,1,uM,8,1,2,PTHrP,0.230700555
SMAD3InhibitorSIS3,1,uM,8,1,3,PTHrP,0.235000716
SMAD3InhibitorSIS3,0,uM,16,1,1,PTHrP,1.506398468
SMAD3InhibitorSIS3,0,uM,16,1,2,PTHrP,1.401581461
SMAD3InhibitorSIS3,0,uM,16,1,3,PTHrP,1.347549147
SMAD3InhibitorSIS3,1,uM,16,1,1,PTHrP,0.379306163
SMAD3InhibitorSIS3,1,uM,16,1,2,PTHrP,0.372219028
SMAD3InhibitorSIS3,1,uM,16,1,3,PTHrP,0.393833945
